{"cameraMode":{"drawMode":0,"name":"Shaded","section":"Shading Mode"},"sceneLighting":true,"audioPlay":false,"sceneViewState":{"showFog":true,"showMaterialUpdate":false,"showSkybox":true,"showFlares":true,"showImageEffects":true,"showParticleSystems":true},"in2DMode":false,"pivot":{"x":8.957742691040039,"y":0.8487383127212524,"z":2.237408399581909},"rotation":{"x":0.05396777018904686,"y":-0.014977585524320603,"z":0.0008095181547105312,"w":0.9984315633773804},"size":4.910640239715576,"orthographic":true}